Tank,Genotype #,Temp,pH,Treatment,Corrected.BW (g/cm2/day),Change ETRm,Change Yield,P:R,Calc.light,Calc.dark,POX,PPO,PO,Protein,Total.Chl.cell,Symbionts.cm2
R2_T1,G1,31,Ambient,High Temperature,0.00384,-1.5,0.004,0.289103173,0.558480256,0.211893462,0.001634976,0.001611697,0.002209129,,,
R2_T2,G1,31,High CO2,Combined,0.00057,-4.1,-0.245,0.472634942,0.090164008,0.175119338,0.005389505,0.001129886,0.003893852,152.277126,3.0979001,131339.0696
R2_T3,G1,31,Ambient,High Temperature,0.00094,7.7,-0.021,0.615504129,0.884833926,0.171650933,0.000793009,0.001194978,0.001783074,217.4750123,,649151.0685
R2_T4,G1,31,Ambient,High Temperature,0.00134,-2.7,-0.071,0.234147563,0.601565077,0.565207172,0.003436745,0.001768873,0.00081284,300.4263335,6.915160767,1016208.69
R2_T5,G1,31,Ambient,High Temperature,0.00159,-2.8,0.013,0.155822561,0.201753175,0.165559166,0.00158547,2.50E-05,0.002644782,268.8785843,3.336426167,357905.8339
R2_T6,G1,31,High CO2,Combined,0.00137,-5.6,-0.023,0.138203962,0.239382338,0.060363631,0.001657774,0.000194767,0.001209895,256.046065,,487037.404
R2_T7,G1,31,High CO2,Combined,0.00152,-6,-0.035,-0.05231422,0.305620624,0.060832844,0.001340214,0.000450202,0.002149061,238.1143787,4.054967133,431419.7204
R2_T8,G1,31,High CO2,Combined,0.00118,-7.6,-0.179,0.161383041,0.440259589,0.633516272,0.004806569,0.000325371,0.002018903,242.5453324,,1486757.863
R2_T9,G1,31,High CO2,Combined,0.00092,-14.5,-0.172,1.283316551,0.21572626,0.106278461,0.005667962,0.00134484,0.003966387,153.4878931,-1.381669967,80811.58341
R2_T10,G1,31,Ambient,High Temperature,0.00111,3.6,0.029,0.345748882,0.68258521,-0.123545997,0.001625057,0.001347994,0.002208374,175.658779,4.7303145,980433.928
R3_T1,G1,27,High CO2,High pCO2,0.00133,-3.4,-0.137,0.303144593,0.449224502,0.283942331,0.00170412,-0.001132714,0.002922573,324.2199027,,1263539.272
R3_T2,G1,27,Ambient,Control,0.00188,4,0.044,0.767524235,0.611125418,0.504900806,0.002182584,0.00095889,0.003645855,326.5871474,,1309719.892
R3_T3,G1,27,High CO2,High pCO2,0.00134,2,-0.151,0.205328977,0.048944801,-0.042303022,0.000530891,0.001998803,0.003270286,355.8497411,6.246599933,1114321.426
R3_T4,G1,27,High CO2,High pCO2,0.00158,2,-0.06,0.37267936,0.129673272,0.042773675,0.001535667,-0.001362976,0.003199727,421.1759265,3.5485316,387433.7914
R3_T5,G1,27,Ambient,Control,0.00182,5.3,-0.021,0.435609415,0.539690348,0.664447219,0.000982028,0.000334,0.004378032,271.1303106,14.56703153,357388.2537
R3_T6,G1,27,Ambient,Control,0.00159,5.2,-0.011,0.534891452,0.990553192,0.856144528,0.002175729,0.000909311,0.001736075,365.5259216,7.168869667,1062901.772
R3_T7,G1,27,High CO2,High pCO2,0.00168,-2.1,-0.088,,,,0.002136735,-0.001098305,0.004052248,296.519674,,746908.877
R3_T8,G1,27,Ambient,Control,0.00225,-5.9,0.037,0.83227203,0.827353487,0.659288567,0.001604556,0.000144261,0.002941065,335.3597594,4.365602133,2214339.103
R3_T9,G1,27,High CO2,High pCO2,0.00143,-8.4,-0.07,0.217659466,0.311470777,0.294307242,0.002349347,0.000355429,0.001923423,362.8772528,,1247111.787
R3_T10,G1,27,Ambient,Control,,4.9,0.002,0.820439277,0.37411311,0.509099098,0.003075794,0.001338552,0.001463184,439.6407889,6.0057093,1774777.534
R2_T1,G3,31,Ambient,High Temperature,0.00291,-5.1,-0.045,0.440168754,0.62386523,0.153836749,0.002238538,0.001548224,0.002619749,281.3854094,4.603148833,498188.3769
R2_T2,G3,31,High CO2,Combined,0.00226,-12,-0.148,1.304916485,0.658951198,-0.121065785,0.003368001,-0.00092742,0.003242485,44.31439529,2.695305967,130476.8191
R2_T3,G3,31,Ambient,High Temperature,0.00137,-10.1,-0.019,0.615814688,0.870686808,0.512600757,0.000564404,0.000867049,0.001712207,,,
R2_T4,G3,31,Ambient,High Temperature,0.00145,-7.3,-0.063,0.412479177,0.35817165,0.420450164,0.002266292,-0.001032834,0.002373411,260.1766024,3.9458909,652513.5253
R2_T5,G3,31,Ambient,High Temperature,0.00154,-0.1,-0.025,0.530370737,1.093653597,0.343920285,0.000531878,5.54E-05,0.001749182,111.905346,3.0768322,611318.0618
R2_T6,G3,31,High CO2,Combined,0.00075,-12.6,-0.091,0.877122325,0.21804042,0.161797478,0.001212574,0.000620955,0.002029105,177.9645018,0.6720722,263036.0593
R2_T7,G3,31,High CO2,Combined,0.00047,-15.7,-0.127,0.429172881,0.891783807,0.048701078,0.002288642,0.000155458,0.001468116,274.4860724,0.891626767,519931.8312
R2_T8,G3,31,High CO2,Combined,0.001,-16,-0.158,0.439247016,0.156665164,0.080828895,0.001008852,0.000344281,0.0015805,199.3224602,3.0037308,499559.7239
R2_T9,G3,31,High CO2,Combined,0.00032,-15.9,-0.156,2.64508512,0.137155314,-0.078448292,0.000882979,0.000420623,0.001828558,176.068986,0.126154833,44722.01455
R2_T10,G3,31,Ambient,High Temperature,0.0016,-2,-0.043,0.311954925,0.389377796,0.175628665,0.000193136,0.000193789,0.001140765,339.4660286,5.086714067,550730.8469
R3_T1,G3,27,High CO2,High pCO2,0.00188,-6.4,-0.039,1.36648321,0.335655254,0.16663851,0.001154391,-0.000504184,0.00225288,265.0738507,,943924.8192
R3_T2,G3.b,27,Ambient,Control,0.00257,2.4,-0.013,0.857471878,0.760596489,0.68972401,0.002656661,0.001581274,0.003107758,314.5121537,4.708033467,843670.4213
R3_T3,G3,27,High CO2,High pCO2,0.00211,-0.2,-0.06,0.672755254,0.147416271,0.146120562,0.00367393,-0.000686741,0.003004159,301.0001642,6.758677833,1237764.387
R3_T4,G3,27,High CO2,High pCO2,0.00177,-9.8,-0.039,1.38679572,0.140772208,-0.057831536,0.001970859,-0.000162704,0.001050696,315.3025157,2.2723118,628836.637
R3_T5,G3,27,Ambient,Control,0.00246,-8.4,0.046,0.592106929,0.905444984,0.85696339,0.001482171,0.000713295,0.001621124,305.2248159,3.592210167,230602.1329
R3_T6,G3,27,Ambient,Control,0.00218,0.7,0.012,0.634966462,0.647601555,0.695547631,0.004919152,0.000542988,0.005761411,258.2500154,4.3056496,732355.6971
R3_T7,G3,27,High CO2,High pCO2,0.00203,-9.9,-0.039,0.558915293,0.629712936,0.33581027,0.003429414,0.000870408,0.00258391,374.4065276,7.311809567,1130421.036
R3_T8,G3,27,Ambient,Control,0.00238,1.7,0.033,0.568100893,0.581700408,0.818639277,0.003467894,9.26E-05,0.003621508,360.1286668,4.133345933,1440464.954
R3_T9,G3,27,High CO2,High pCO2,0.00218,-0.3,-0.047,0.474327173,0.365038541,0.518160382,0.002045365,-0.001105255,0.003263259,354.9764666,7.5847356,1405461.906
R3_T10,G3,27,Ambient,Control,0.00232,0.4,0.04,0.780956672,0.631671627,0.667389105,0.002419934,-0.000107894,0.002193748,350.5855725,,1111341.468
R2_T1,G7,31,Ambient,High Temperature,0.00118,-5.1,0.01,0.16641859,0.111499924,0.022446374,0.002137217,0.001892369,0.002317666,257.9931202,7.421855467,1150254.685
R2_T2,G7,31,High CO2,Combined,0.00072,-7.7,-0.07,0.324394698,0.198546279,0.010597255,0.002352296,0.000234697,0.003614401,309.9926371,4.706011833,439563.1521
R2_T3,G7,31,Ambient,High Temperature,0.00124,-5.7,-0.006,0.917154113,0.343260252,0.197384044,0.001984477,0.001128959,0.002376265,,6.857173267,
R2_T4,G7,31,Ambient,High Temperature,0.00095,-8.4,-0.015,0.386069724,0.590498396,0.517567717,0.003903339,-0.002422807,0.004255401,420.56116,5.9132991,1293896.943
R2_T5,G7,31,Ambient,High Temperature,0.00109,-1.9,-0.028,0.322849218,0.36619219,0.302355774,0.004479926,0.002490169,0.002575514,382.1442607,7.2170733,323787.7357
R2_T6,G7,31,High CO2,Combined,0.00085,-0.6,0.014,0.530077783,0.645977558,0.366660873,0.001370887,0.000597514,0.001883395,217.0239167,4.191718233,308334.4146
R2_T7,G7,31,High CO2,Combined,0.00046,-7.7,-0.044,0.487990414,0.212815589,0.041908165,0.002064817,0.001356604,0.00192073,269.3201253,3.962902733,520132.2729
R2_T8,G7,31,High CO2,Combined,0.00042,-3.4,-0.047,0.208448443,0.278121216,-0.186169979,0.001368747,-0.000159311,0.001575547,237.1810318,4.1071799,1197501.188
R2_T9,G7,31,High CO2,Combined,0.00074,1.4,-0.063,0.319929316,0.260241109,0.198214955,0.008263099,0.001156621,0.004573105,292.2264968,4.056791533,392549.5135
R2_T10,G7,31,Ambient,High Temperature,0.00114,-0.2,-0.03,0.357249724,0.386911962,0.085304513,0.002290806,0.000935448,0.002704365,286.0221782,,1322553.837
R3_T1,G7,27,High CO2,High pCO2,0.00186,-3.7,-0.029,0.542981208,0.568936761,0.453061568,0.001517866,0.000958825,0.002265307,353.525877,11.1471766,1730137.841
R3_T2,G7,27,Ambient,Control,0.00234,3.2,0.007,0.623914714,1.059809084,0.89408538,0.003876496,-0.001353283,0.003070837,332.8783443,13.08424267,1884832.321
R3_T3,G7,27,High CO2,High pCO2,0.00237,-6,-0.025,0.371333883,0.390787855,-0.030135637,0.004644555,0.000194139,0.002226247,287.0663542,8.010304567,923711.4242
R3_T4,G7,27,High CO2,High pCO2,0.00203,7.1,-0.003,1.053645599,0.540119459,0.475661777,0.004635853,0.001096015,0.00072469,434.5900257,,926515.2545
R3_T5,G7,27,Ambient,Control,0.00287,-2.7,0.071,0.322581553,0.962925615,0.801714103,0.002637089,-0.000145226,0.005187043,339.961103,11.64769313,494396.5232
R3_T6,G7,27,Ambient,Control,0.00266,2.2,-0.001,0.384488903,0.608877578,0.345807366,0.003659604,0.002531729,0.00263609,348.1466525,14.5653056,1490220.775
R3_T7,G7,27,High CO2,High pCO2,0.0011,0.4,-0.084,0.658010538,0.499528047,0.220682792,0.007460005,0.001337463,0.003288593,516.257856,10.39853017,1957555.723
R3_T8,G7,27,Ambient,Control,0.00284,1.8,0.046,0.468894234,0.880366963,0.920665569,0.003279155,0.001404653,0.003110303,331.5565169,6.982371233,1362788.619
R3_T9,G7,27,High CO2,High pCO2,0.00229,-5.1,-0.009,0.655533886,0.486507171,0.352004649,0.004192494,0.000617628,0.002758409,501.7707943,9.126293133,1865676.19
R2_T1,G13,31,Ambient,High Temperature,0.00596,-0.6,0.001,0.846414184,0.265706871,0.158007369,0.002066971,2.41E-05,0.003256556,274.1298178,,254458.8735
R2_T2,G13,31,High CO2,Combined,0.00018,-12.3,-0.089,0.556117455,-0.002695207,0.004761533,0.004026014,0.00126839,0.005254014,185.6732075,1.602857033,334971.5704
R2_T3,G13,31,Ambient,High Temperature,0.00151,-1.9,-0.017,0.8095171,0.414151085,0.182959524,0.001286053,-0.000103554,0.002068357,323.7835239,4.4535168,1290321.674
R2_T4,G13,31,Ambient,High Temperature,0.00122,-4.8,-0.083,0.583991473,,0.082003678,0.000873905,-2.92E-05,0.002020689,230.4820691,1.541070667,378318.2284
R2_T5,G13,31,Ambient,High Temperature,0.00161,1.3,-0.026,0.165291628,0.071400098,0.825412724,0.000849919,0.000321811,0.002241436,216.5711048,3.951748167,781327.8043
R2_T6,G13,31,High CO2,Combined,0.0009,-12.4,0.001,0.607612902,0.298375678,0.350278216,0.00139658,0.00071539,0.001308018,210.4094929,4.426127467,309851.7674
R2_T7,G13,31,High CO2,Combined,0.00066,-0.1,-0.011,0.432518274,0.029886811,0.021216352,0.002409899,0.000131472,0.001806573,379.8594828,4.5736048,1065924.682
R2_T8,G13,31,High CO2,Combined,0.00042,-6.1,-0.16,0.315512957,-0.142921639,-0.098416571,0.000464096,1.95E-05,0.001195354,196.1359109,,924871.9408
R2_T9,G13,31,High CO2,Combined,0.00028,-1.9,-0.094,0.966128782,0.101590097,0.088760958,0.001329031,0.001559364,0.002748751,114.8835967,,60606.20489
R2_T10,G13,31,Ambient,High Temperature,0.00116,-0.8,-0.021,0.195198426,0.762028951,-0.209867007,0.000646794,-5.63E-05,0.001143721,327.9668583,2.2269088,782282.6536
R3_T1,G13,27,High CO2,High pCO2,0.00168,-2.3,0.002,1.179053693,0.723990016,0.710655862,0.003509549,-0.002496774,0.003757682,307.2089178,,1048228.796
R3_T2,G13,27,Ambient,Control,0.00215,0.4,-0.007,0.859490154,1.593823312,0.985552217,0.003897963,-0.000495427,0.002451458,379.8612715,6.415774367,1867247.129
R3_T3,G13,27,High CO2,High pCO2,0.00227,-2.9,-0.023,0.390427637,-0.022230883,-0.102044512,0.001851097,0.000810009,0.002414313,322.6953426,6.671680333,1292831.957
R3_T4,G13,27,High CO2,High pCO2,0.00179,8.7,-0.016,2.431720036,0.751903035,0.559291103,0.003369622,0.000863504,0.001241469,241.4571807,,813180.7486
R3_T5,G13,27,Ambient,Control,0.00143,6.1,0.066,0.388617892,0.463985123,0.484022936,0.001447781,0.000882736,0.002862107,328.4713969,,801546.8057
R3_T6,G13,27,Ambient,Control,0.00177,1.5,0.039,1.180555912,0.901460672,0.774660786,0.006713377,-0.000279463,0.005773556,142.921865,1.231271467,463002.0752
R3_T7,G13,27,High CO2,High pCO2,-0.00353,-3.1,-0.062,1.092644094,0.448907666,0.174610145,0.002982922,0.000879798,0.002902318,400.913064,3.9235467,1085800.104
R3_T8,G13,27,Ambient,Control,0.00251,4.8,0.199,0.854072829,0.40308416,0.266954503,0.005092261,0.001380296,0.002774889,296.4275894,6.2424693,962483.2424
R3_T9,G13,27,High CO2,High pCO2,0.00139,2.2,-0.003,0.581847512,1.11387137,0.377858453,0.000753321,-0.000150664,0.002068943,333.0090371,6.1109008,1153395.263
R3_T10,G13,27,Ambient,Control,,-2.6,0.008,,1.002026523,0.739458049,0.002290866,0.001437785,0.001613352,325.8440571,,1422568.079
R2_T1,G31,31,Ambient,High Temperature,0.00159,-8.5,-0.025,0.645703214,0.496666851,0.17819186,0.001390531,0.002001769,0.001791249,208.531956,2.372514767,393862.5418
R2_T2,G31,31,High CO2,Combined,0.00077,-8.6,-0.069,0.538209809,0.039593054,-0.128178355,0.000458571,0.000153592,0.001524896,119.2454316,,125607.4493
R2_T3,G31,31,Ambient,High Temperature,0.00234,0.4,-0.006,1.187214341,0.25414237,0.463410105,0.001851084,-0.000473562,0.002401867,270.4507354,1.669492033,615034.2433
R2_T4,G31,31,Ambient,High Temperature,0.00165,-9.7,-0.094,0.772115474,0.236066011,-0.001142255,0.000822266,0.000339241,0.001988267,145.9227999,,378614.2078
R2_T5,G31,31,Ambient,High Temperature,0.00178,0.4,-0.033,0.328305851,0.707967908,0.653370687,0.001431135,0.000462419,0.000778011,302.2374895,3.749978367,1085232.916
R2_T6,G31,31,High CO2,Combined,0.00099,-5,-0.035,0.902555873,0.640339577,0.317912904,0.000231831,7.24E-05,0.001638684,115.1027194,0.014754,60904.32244
R2_T7,G31,31,High CO2,Combined,0.00124,-6.2,-0.04,0.224824593,0.33021865,0.0423014,0.002156869,-0.000458122,0.001029183,320.7572013,,649122.8017
R2_T8,G31,31,High CO2,Combined,0.00117,-12.2,-0.066,0.778736526,1.516224955,0.194991923,0.000634459,-4.61E-05,0.000756108,245.6748705,,848833.864
R2_T9,G31,31,High CO2,Combined,0.00078,-10.6,-0.072,0.680517707,0.585977457,0.148152222,0.00140463,0.001307356,0.001495447,189.6612522,1.015626867,120210.289
R2_T10,G31,31,Ambient,High Temperature,0.00125,3.1,0.001,0.656495282,0.63875808,0.7554258,0.000187468,-8.25E-05,0.000678681,292.2414326,0.1047595,329547.2648
R3_T1,G31,27,High CO2,High pCO2,0.00634,0.7,-0.023,0.518545528,0.573990834,0.289230239,0.000712811,-9.16E-05,0.001266512,294.6477015,,930124.0642
R3_T2,G31,27,Ambient,Control,0.00214,6.7,0.055,1.092141942,0.97306412,1.003007045,0.001756013,-0.000249715,0.001538332,318.5929849,4.408025433,1589850.076
R3_T3,G31,27,High CO2,High pCO2,0.00306,-7.6,0.001,0.376931533,0.238585045,-0.306907952,0.001976278,0.000430253,0.000980702,325.9763422,,1356909.218
R3_T4,G31,27,High CO2,High pCO2,0.00148,3.9,0.034,1.431880122,0.370076052,0.216985376,0.002383154,0.000707701,0.000564882,265.7586681,4.697145333,1497582.538
R3_T5,G31,27,Ambient,Control,0.00259,5.5,0.032,0.722815798,0.853827034,1.079929544,0.000785116,-1.53E-05,0.001595271,220.4984195,,325745.0254
R3_T6,G31,27,Ambient,Control,0.00236,-1.5,-0.001,0.874951211,0.446387378,0.720017245,0.001344652,0.001109398,0.001350977,295.4985911,2.657067467,598095.516
R3_T7,G31,27,High CO2,High pCO2,-0.00023,-5,-0.068,1.080391761,0.706996951,0.346688522,0.001934777,6.51E-05,0.001447947,416.227033,2.5752695,843418.0306
R3_T8,G31,27,Ambient,Control,0.00291,0.3,0.029,0.938507822,1.236353853,0.655749281,0.001595092,0.000145687,0.002763183,209.4616726,4.188691833,559805.3404
R3_T9,G31,27,High CO2,High pCO2,0.00217,-5.9,-0.036,0.89998341,0.713553966,0.495865383,0.001207284,-0.000101518,0.001136222,299.4621726,4.0679865,1161779.424
R3_T10,G31,27,Ambient,Control,0.00404,-1.3,0.006,0.402784406,0.819293078,1.143715394,0.001027326,-0.00012632,0.00160342,262.3976113,,980033.7487
R2_T1,G34,31,Ambient,High Temperature,0.00118,-1.1,-0.039,0.433278805,0.226540645,0.034621935,0.002007603,0.001448432,0.002083362,249.4438937,3.929949667,503203.2257
R2_T2,G34,31,High CO2,Combined,0.0006,-3.2,-0.16,0.702854994,0.143353806,0.208984093,0.000548463,0.000123555,0.001160209,116.0905167,2.1180724,46844.16195
R2_T3,G34,31,Ambient,High Temperature,0.00147,-1.6,-0.033,0.231123835,-0.03332826,-0.132479833,0.0015626,0.00030011,0.001346064,279.5566169,4.7339183,711113.7567
R2_T4,G34,31,Ambient,High Temperature,0.00123,-6.8,-0.07,0.480254004,-0.00463714,0.151211081,0.000276864,0.000267651,0.000340936,325.9733837,,381978.8351
R2_T5,G34,31,Ambient,High Temperature,0.00122,-0.4,-0.031,0.440701128,0.297585904,0.718853734,0.000811324,0.000715291,0.002469714,235.9525618,0.762224833,618750.4918
R2_T6,G34,31,High CO2,Combined,0.00063,-8.2,-0.02,0.79237564,0.110877829,-0.004563727,0.001009349,0.000241666,0.001415473,205.0579348,3.223722433,288296.9599
R2_T7,G34,31,High CO2,Combined,0.00105,-6.4,-0.078,0.213087723,0.204138856,-0.156328214,0.004968094,0.001072591,0.001416584,270.3131565,4.386678033,365688.0993
R2_T8,G34,31,High CO2,Combined,0.00094,-12,-0.101,0.448452523,-0.141711945,0.009038187,0.000884741,0.000142086,0.000852485,181.7731861,,391334.1815
R2_T9,G34,31,High CO2,Combined,0.0006,-7.5,-0.145,3.121969262,0.021023406,-0.020854543,0.001007695,0.000443584,0.002208039,151.7147832,0.453698333,118593.4983
R2_T10,G34,31,Ambient,High Temperature,0.00072,-3.5,-0.012,0.739546111,0.305204854,0.085134488,0.002003638,-0.00040157,0.001967131,270.126586,4.632214,950329.7395
R3_T1,G34,27,High CO2,High pCO2,0.00141,4.2,-0.037,0.342649646,0.129898946,-0.15562151,0.000777624,0.000119884,0.001159956,257.9095569,1.2445307,411141.3283
R3_T2,G34,27,Ambient,Control,0.00162,-1,0.034,1.112737772,0.578187502,0.495859968,0.003049477,0.001687774,0.001854266,407.7515843,8.294955033,1542478.448
R3_T3,G34,27,High CO2,High pCO2,0.00207,-2,-0.074,0.311516323,0.189410763,0.035538838,0.002070543,0.001065435,0.001624188,316.4792505,5.795836033,935262.5909
R3_T4,G34,27,High CO2,High pCO2,0.00192,-2.3,0.025,1.677630627,0.078589214,0.043054504,0.002495185,0.000287286,0.001287686,278.741304,4.701069767,698620.8029
R3_T5,G34,27,Ambient,Control,0.00203,1.4,0.044,0.925932871,0.832954183,0.402341783,0.001732282,0.000379994,0.002393161,291.2038934,9.373216467,355200.9478
R3_T6,G34,27,Ambient,Control,0.00228,-4.3,-0.033,0.569522347,1.012449178,0.702416894,0.00636861,0.001004531,0.00629293,321.8833367,7.4542284,1317497.362
R3_T7,G34,27,High CO2,High pCO2,0.00422,1.5,-0.028,0.333289513,0.380676526,0.192268125,0.003078937,0.001789322,0.002176652,342.2073158,6.390075367,1038156.35
R3_T8,G34,27,Ambient,Control,0.00205,-8.5,0.015,0.380493836,0.989185453,0.726591007,0.001956263,-0.000179976,0.002837233,184.0627757,5.510652233,1351578.24
R3_T9,G34,27,High CO2,High pCO2,0.00182,-4.7,-0.013,0.419022111,0.27540436,0.216268997,0.001811549,0.000406414,0.001866355,384.3502983,8.442779633,1541243.234
R3_T10,G34,27,Ambient,Control,0.0015,-5,0.009,,0.89498299,0.5446398,0.004297238,-0.000894447,0.002609633,312.9613025,,1450891.912
R3_T10,G34.21,27,Ambient,Control,0.00233,-3.5,0.006,0.972090324,0.788411496,0.510825559,0.00043502,0.000346542,0.001641996,295.9225681,,718974.8285
R2_T1,G41,31,Ambient,High Temperature,0.01164,-1.1,-0.06,0.364136464,0.187305085,-0.05917845,0.00193936,0.000696771,0.003035207,176.8064699,3.152709,333691.7524
R2_T2,G41,31,High CO2,Combined,0.00084,-7.4,-0.093,0.793246523,0.03619186,-0.035928167,0.003446195,0.001135321,0.004515848,149.8326006,1.055388233,215925.4442
R2_T3,G41,31,Ambient,High Temperature,0.00158,2.1,-0.027,0.716736814,0.207491083,0.105356649,0.001157778,0.000347852,0.002149423,226.9902289,,1080631.509
R2_T4,G41,31,Ambient,High Temperature,0.00145,0.2,-0.059,0.283769719,0.511718138,0.473689251,0.002365435,0.001281558,0.000994132,312.1155804,3.888468433,722803.0171
R2_T5,G41,31,Ambient,High Temperature,0.0016,0.3,-0.035,0.610178682,-0.119194066,-0.005031482,0.002647481,0.000595752,0.004756764,160.1499778,2.241308267,489872.7138
R2_T6,G41,31,High CO2,Combined,0.00103,-0.3,-0.02,0.288919595,0.357216477,0.683692413,0.002556948,7.95E-05,0.002805857,196.2926738,4.1493409,251734.0095
R2_T7,G41,31,High CO2,Combined,0.00095,-1.6,-0.11,0.30516695,0.274939348,0.105456188,0.001579029,-0.000481018,0.002451511,239.1905353,4.513720033,364017.5632
R2_T8,G41,31,High CO2,Combined,-0.00039,-10,-0.046,1.348267763,0.739190635,-0.118226387,0.003560514,6.57E-05,0.000701635,57.07856556,2.812035067,125747.9648
R2_T9,G41,31,High CO2,Combined,0.00058,-7.6,-0.121,0.985394348,0.222794619,0.005136196,0.002371677,0.001061842,0.003716761,142.5008486,0.691621833,138661.6408
R2_T10,G41,31,Ambient,High Temperature,0.00171,-3,0.004,0.333554276,0.191032749,0.29270968,0.000342598,5.15E-05,0.000876355,471.6788843,,986439.3112
R3_T1,G41,27,High CO2,High pCO2,0.00184,-1.9,-0.01,0.874494947,0.825314799,0.376520996,0.002056433,-0.000174094,0.002170051,330.7580297,,1518165.338
R3_T2,G41,27,Ambient,Control,0.00234,0.9,0.052,0.508485796,0.869974847,0.929080134,0.001825096,0.000730774,0.0023687,377.0049734,9.155621567,1459596.965
R3_T3,G41,27,High CO2,High pCO2,0.00215,-4.3,-0.054,0.364605363,0.179032684,0.242948161,0.000621453,0.000535396,0.002510101,319.4815596,4.6383338,990252.4944
R3_T4,G41,27,High CO2,High pCO2,0.0018,1.6,0.008,0.708461919,0.522848682,0.25695231,0.002985441,-0.002401094,0.003817288,328.2618085,,378835.0771
R3_T5,G41,27,Ambient,Control,0.00242,1,0.098,0.699527358,0.858952761,0.896763669,0.00111222,0.000201079,0.002817204,279.1911959,4.492329033,473379.9489
R3_T6,G41,27,Ambient,Control,0.00235,3.2,0.022,0.617484427,1.081860379,1.085112464,0.001516342,0.00109087,0.004142747,235.6937507,2.708969033,430227.8598
R3_T7,G41,27,High CO2,High pCO2,0.00272,0.9,-0.05,0.5332221,0.599112085,0.517690295,0.002276238,0.00219894,0.001569576,345.3556306,8.0812091,1158383.882
R3_T8,G41,27,Ambient,Control,0.00245,0.2,0.073,0.941109551,0.515527879,0.738970081,0.00117615,-0.000491266,0.002376584,336.8906197,4.0091428,862869.8888
R3_T9,G41,27,High CO2,High pCO2,0.00184,-0.1,-0.016,0.231772431,0.441932374,0.263487011,0.002952751,0.000576016,0.001444218,278.0874151,,952784.5159
R3_T10,G41,27,Ambient,Control,0.00243,-3.5,0.018,0.680559922,0.786116447,-0.116952218,0.001202677,-0.000283586,0.001545673,295.6637602,,1354686.563
R2_T1,G44,31,Ambient,High Temperature,0.002,-3.9,-0.014,0.299980847,0.356544643,0.216957603,0.001696986,0.000983901,0.002724328,108.3884906,1.328690067,86888.86924
R2_T2,G44,31,High CO2,Combined,0.00048,-9.1,-0.08,0.752378519,0.135026379,0.003512985,0.001936775,0.000700373,0.002635969,148.0753126,4.490664367,341616.6099
R2_T3,G44,31,Ambient,High Temperature,0.00163,-1.1,0.048,0.507357745,0.500948396,0.216947958,0.002547268,0.000210462,0.000615157,282.730046,,772121.1628
R2_T4,G44,31,Ambient,High Temperature,0.00104,-4.5,-0.006,0.529062819,0.676733795,0.954730346,0.002338125,-5.68E-05,0.001536766,326.6016444,3.384185967,771189.3036
R2_T5,G44,31,Ambient,High Temperature,0.00098,-0.9,-0.013,0.329575029,-0.074206205,0.40217931,0.000613945,0.000652946,0.001759222,227.8024102,4.887272733,732618.8111
R2_T6,G44,31,High CO2,Combined,0.00054,-3.7,-0.002,0.702181676,0.293352763,0.290955471,0.003921592,0.000726847,0.004781887,144.126055,4.108209833,459402.4054
R2_T7,G44,31,High CO2,Combined,0.00036,-8.5,-0.02,0.486848281,0.231058098,0.122202207,0.003228513,0.002621573,0.001284435,375.0578474,4.844710033,1051341.373
R2_T8,G44,31,High CO2,Combined,0.00039,-7.6,-0.037,0.422126329,0.713482966,0.439238917,0.001169447,3.59E-05,0.000851089,185.7509838,2.936534633,453487.2159
R2_T9,G44,31,High CO2,Combined,0.00013,-7.5,-0.087,0.758714609,0.014286871,-0.096226277,0.000929185,0.000819951,0.003283952,60.11208631,0.332945333,181108.3384
R2_T10,G44,31,Ambient,High Temperature,0.00089,-6.5,-0.023,0.231324805,0.296881745,0.020363282,0.002093371,-0.000223143,0.00247464,266.9456565,5.1433268,765201.1214
R3_T1,G44.b,27,High CO2,High pCO2,0.00208,-7.1,-0.017,1.382336122,0.48570343,0.189218665,0.001613302,0.000311469,0.001608375,311.4316249,9.645513533,1671445.372
R3_T2,G44,27,Ambient,Control,0.00281,1.7,0.044,0.866196874,1.457611033,1.070493944,0.001248082,0.000662166,0.001444726,373.4440681,5.8665012,2201258.642
R3_T3,G44,27,High CO2,High pCO2,0.00221,-1.9,-0.034,0.588978741,0.184113956,0.092916625,0.001564623,4.64E-05,0.001510391,356.2543754,4.249206967,1448627.681
R3_T4,G44,27,High CO2,High pCO2,0.00189,-2.6,0.003,1.650216684,0.627747552,0.153582175,0.001946701,0.000961969,0.001485065,366.3491091,1.529644833,1128800.343
R3_T5,G44,27,Ambient,Control,0.00237,3.2,0.043,0.428162999,0.948925722,0.82164681,0.001884068,0.000381348,0.002424451,426.00276,5.327266833,469116.4278
R3_T6,G44,27,Ambient,Control,0.00315,-0.8,-0.037,0.52630875,0.825886602,0.440400121,0.002067215,0.001034807,0.003228223,273.5203102,4.738559533,819610.0714
R3_T7,G44,27,High CO2,High pCO2,-0.0084,-9.5,-0.086,0.732310052,1.046852575,0.362878092,0.001514637,-0.000214458,0.002218233,414.2292731,,1080231.36
R3_T8,G44,27,Ambient,Control,0.00253,0.6,0.033,,,,0.001477659,-0.000309467,0.002622626,350.5458819,5.797096367,2931007.713
R3_T9,G44,27,High CO2,High pCO2,0.00272,-1,-0.053,0.66105343,0.412638545,0.420496375,0.003613385,-0.000997222,0.002381549,241.7272056,,1115999.081
R3_T10,G44,27,Ambient,Control,0.00345,1.7,0.019,,1.336489242,0.54797377,0.005529238,-0.001191249,0.002453042,247.391832,4.823073433,1236394.575
R3_T10,G44.20,27,Ambient,Control,,0.9,-0.003,0.479815378,1.155564031,0.477374974,0.001423063,4.29E-05,0.00129722,256.1680686,,1342604.818
R2_T1,G47,31,Ambient,High Temperature,0.00444,0.2,-0.012,0.521319921,0.907538915,0.790265709,0.000655993,0.000521835,0.001789185,281.4136224,4.818068233,1172666.846
R2_T2,G47,31,High CO2,Combined,0.00046,-3.2,-0.126,0.345053977,-0.139517213,-0.256879332,0.000843804,0.000580544,0.001573557,147.6768984,2.885869667,388463.2311
R2_T3,G47,31,Ambient,High Temperature,0.0011,-3.1,-0.038,0.754500622,0.425156213,0.189513913,0.00077928,0.000185266,0.001181382,345.2577569,3.5897377,912828.1265
R2_T4,G47,31,Ambient,High Temperature,0.00187,-5.3,-0.082,0.625750148,0.329440307,0.150508089,0.000560922,-0.000328415,0.001449883,254.2127642,,812783.1963
R2_T5,G47,31,Ambient,High Temperature,0.00117,4.3,-0.037,0.269220354,0.384601796,1.217780246,0.000779402,-0.00049765,0.003805296,180.4497934,5.060978533,777739.4033
R2_T6,G47,31,High CO2,Combined,0.00056,-11.5,-0.049,0.753193561,0.099805803,0.046489021,0.001063462,-0.000248584,0.002457041,165.2649822,4.2201365,214832.1319
R2_T7,G47,31,High CO2,Combined,0.0005,-6.8,-0.064,0.388815016,0.202427822,-0.002780277,0.002003665,0.001866091,0.001544705,305.6094197,5.063132533,1130471.557
R2_T8,G47,31,High CO2,Combined,0.00072,-4.9,-0.002,0.239459758,0.489427193,0.893612832,0.002209034,-0.000147615,0.001567893,268.1679104,3.489296367,1242498.008
R2_T9,G47,31,High CO2,Combined,0.00046,-10.4,-0.11,2.371471284,-0.044833747,-0.049486306,0.001189269,0.001029027,0.002718973,148.4446084,1.143442033,132567.784
R2_T10,G47,31,Ambient,High Temperature,0.00078,-5.9,-0.029,0.459442182,0.470836439,0.118277753,0.001689922,0.000433828,0.001689694,274.475255,5.665961733,1114422.24
R3_T1,G47,27,High CO2,High pCO2,0.00198,6.5,-0.077,1.140832598,0.273279464,-0.066154419,0.00036591,0.000181678,0.000799045,445.8710182,,1201987.603
R3_T2,G47,27,Ambient,Control,0.00283,-4.3,0.004,0.658467174,1.251485119,0.969249006,0.004674902,-7.54E-05,0.002655449,286.4234036,,2031601.21
R3_T3,G47,27,High CO2,High pCO2,0.00237,-7.6,-0.048,1.262837666,0.354166167,0.290376388,0.001527946,0.000118726,0.001920256,281.7894781,7.034508033,977485.5163
R3_T4,G47,27,High CO2,High pCO2,0.00182,-7.6,-0.05,1.619236763,0.503184751,0.318194715,0.001109703,0.00043663,0.000793541,352.1990657,,1045903.35
R3_T5,G47,27,Ambient,Control,0.00278,-1.7,0.067,0.833593221,1.086490949,0.798519635,0.000513902,0.000974966,0.001721479,412.6939884,7.232363733,383069.881
R3_T6,G47,27,Ambient,Control,0.00221,0.7,-0.002,0.597500381,1.091502556,1.093711669,0.004345535,-0.000508351,0.004412748,305.4885648,5.487216867,1210944.445
R3_T7,G47,27,High CO2,High pCO2,0.00309,-10.6,-0.048,0.528370538,0.703934812,0.403049224,0.001020727,-0.00014695,0.0017763,338.2596138,,658633.7264
R3_T8,G47,27,Ambient,Control,0.00279,8.8,0.144,0.498596154,0.630463727,0.792904537,0.001293605,0.000451712,0.001602718,299.9580182,8.923956333,1434686.318
R3_T9,G47,27,High CO2,High pCO2,0.00227,-5.6,-0.05,0.679685274,0.852451903,0.358442665,0.000201489,-4.49E-05,0.001035046,403.6791466,5.7621437,1676654.393
R3_T10,G47,27,Ambient,Control,,2.4,-0.008,0.54273368,0.858915004,0.567741074,0.002511283,-0.000238533,0.001865333,368.1626259,,1776772.265
R2_T1,G50,31,Ambient,High Temperature,0.00127,-2.6,-0.023,0.62424277,-0.067884219,0.076887811,0.002850966,0.002055658,0.003212884,,2.918398267,
R2_T2,G50,31,High CO2,Combined,0.00389,-2.9,-0.104,0.674304235,0.070799228,0.135168959,0.002006862,0.002139576,0.003891145,109.0664303,1.840392133,372157.7952
R2_T3,G50,31,Ambient,High Temperature,0.00156,1.8,-0.006,0.430906436,0.411153247,0.33364177,0.001804844,0.000261676,0.001576444,383.3087853,7.3391275,2004175.163
R2_T4,G50,31,Ambient,High Temperature,0.00114,-0.3,-0.036,0.849440219,0.050438212,0.591544506,0.00331817,0.000122275,0.001914222,226.5826085,,615688.8619
R2_T5,G50,31,Ambient,High Temperature,0.0017,1.2,-0.038,0.652785917,0.233469679,-0.036996591,0.002464161,-0.000573611,0.002861575,196.2253401,4.204928067,472312.8845
R2_T6,G50,31,High CO2,Combined,0.00627,-3.8,-0.033,1.15823955,0.197777865,0.212615813,0.001876534,0.000130262,0.001428251,240.0748404,,768868.039
R2_T7,G50,31,High CO2,Combined,0.00059,-6.2,-0.172,0.450764138,0.183737996,0.074925945,0.001804747,0.000484123,0.00231549,293.9752447,3.560082567,320877.1661
R2_T8,G50,31,High CO2,Combined,0.00128,-4.5,-0.156,0.311854257,0.482610986,0.170807581,0.000963448,0.000155308,0.000817958,276.2562719,,354106.4194
R2_T9,G50,31,High CO2,Combined,0.00055,-1.8,-0.048,0.329882397,1.263906405,0.229152505,0.002428582,0.001405566,0.003675369,167.1840713,,138963.2238
R2_T10,G50,31,Ambient,High Temperature,0.00134,1.3,-0.055,0.421420886,0.344925689,0.279854525,0.001020479,0.000110188,0.002010184,237.3661224,5.585972933,1488424.278
R3_T1,G50,27,High CO2,High pCO2,0.0052,0.6,-0.003,0.598485448,0.581538703,0.53142968,0.001890512,0.000503132,0.002117976,360.547084,3.028266767,1059740.215
R3_T2,G50,27,Ambient,Control,0.0021,6,0.022,2.005641549,0.584077962,0.663116965,0.004144592,-0.001911746,0.00327551,279.2004207,,1230296.04
R3_T3,G50,27,High CO2,High pCO2,0.00286,2.1,0.005,0.595055138,0.413119813,0.139315203,0.001305963,-0.001208305,0.003129564,327.9880327,,1494820.169
R3_T4,G50,27,High CO2,High pCO2,0.00219,2.9,0.011,1.357458387,0.260711042,0.115556706,0.001873234,0.001016466,0.000919521,296.5414033,,329401.284
R3_T5,G50,27,Ambient,Control,0.00267,-4,0.042,0.699972,0.713085957,1.594414965,0.00071773,0.000229786,0.00213811,333.7718495,1.172543967,244046.3001
R3_T6,G50,27,Ambient,Control,0.00367,4.1,0.057,0.563964992,0.81336364,0.54635584,0.00295344,0.000487185,0.004788258,246.7191062,7.773764067,892425.318
R3_T7,G50,27,High CO2,High pCO2,0.00196,-4.7,-0.018,0.745164049,0.627639745,0.512804968,0.001794509,6.33E-05,0.002488589,336.7201366,8.5189345,1229961.094
R3_T8,G50,27,Ambient,Control,0.0031,0.6,0.04,0.420126227,0.807137456,0.576117674,0.002791132,-0.000298105,0.003317199,310.1199027,,979601.6065
R3_T9,G50,27,High CO2,High pCO2,0.0023,-1.9,0.005,0.843922424,0.575571891,0.510802214,0.001846772,3.31E-05,0.001942185,333.5111416,,774448.2976
R2_T1,G62,31,Ambient,High Temperature,0.00352,-0.7,-0.014,0.337380555,0.193490629,0.037341055,0.001186364,-0.000581957,0.002529873,304.1853602,5.171048633,865622.0468
R2_T2,G62,31,High CO2,Combined,0.00044,-9.3,-0.04,0.411487568,-0.002670706,-0.028767319,0.003302125,0.001737055,0.005002187,,2.2751889,
R2_T3,G62,31,Ambient,High Temperature,0.00116,-2.6,0.005,0.18876192,0.205032221,0.124811964,0.000887081,0.000546529,0.00178128,348.1503946,,1574606.794
R2_T4,G62,31,Ambient,High Temperature,0.00138,-4.1,-0.073,0.581347796,-0.060473791,0.170255281,0.001702038,0.000512216,0.000526484,283.2362611,5.465480067,1151923.825
R2_T5,G62,31,Ambient,High Temperature,0.00104,8.4,-0.026,0.336516224,1.182428953,0.637428686,0.00296349,0.001527491,0.003733598,192.8422723,8.901649467,825973.4884
R2_T6,G62,31,High CO2,Combined,0.00087,-2.7,0.016,0.631587032,0.085685793,0.086969283,0.001959028,0.000499156,0.001662216,226.524211,,628254.7644
R2_T7,G62,31,High CO2,Combined,0.00076,-2.4,-0.038,0.47408954,0.194897432,0.059722817,0.00406407,0.002197701,0.001845332,341.295726,4.746535233,1072663.65
R2_T8,G62,31,High CO2,Combined,0.00076,-10.9,,0.317053555,0.162500077,-0.081597261,0.001300506,-0.001881115,0.004765938,290.3478627,3.558589933,390768.7693
R2_T9,G62,31,High CO2,Combined,0.00056,-3.7,-0.038,0.910068485,0.25396564,0.193350285,0.005390342,0.00036693,0.007471352,125.0726171,1.681776467,123259.6887
R2_T10,G62,31,Ambient,High Temperature,0.00105,-3.3,-0.006,0.394675359,0.444696449,-0.058963173,0.000789545,0.000167502,0.002010276,190.8220934,4.8897733,974361.593
R3_T1,G62,27,High CO2,High pCO2,0.00149,4.4,-0.054,0.492279987,0.181544025,0.454920836,0.003129818,0.000683323,0.002018188,268.2390412,4.9364245,1347485.175
R3_T2,G62,27,Ambient,Control,0.0022,4.3,0.052,0.844124457,1.096586439,0.597699265,0.000342555,5.29E-05,0.000920616,131.75511,-1.135518367,187867.6112
R3_T3,G62,27,High CO2,High pCO2,0.00221,,,0.36644114,0.022244948,-0.118972533,0.004596331,-0.00065865,0.002931669,315.4901411,,1556268.504
R3_T4,G62,27,High CO2,High pCO2,0.00179,6.2,-0.016,1.850487172,0.000199966,0.016263931,0.001594759,-0.001197217,0.002509822,397.8174767,6.985076733,2325893.355
R3_T5,G62,27,Ambient,Control,0.00238,-1.1,0.045,1.045938226,0.872942929,0.626338864,0.001317887,0.000695691,0.001799776,359.9378826,5.894660367,269867.8473
R3_T6,G62,27,Ambient,Control,0.00248,-1.7,-0.014,0.294930302,0.975495796,0.646621238,0.002303881,0.000867111,0.004594049,267.9390725,13.09155437,857744.2144
R3_T7,G62,27,High CO2,High pCO2,0.00161,-0.4,-0.059,0.729749433,0.332778348,0.149132217,0.002895385,0.000511357,0.002424659,359.8355828,7.861972267,1069847.708
R3_T8,G62,27,Ambient,Control,0.00213,-0.7,0.011,0.433502609,0.311149073,0.018288349,0.003539886,0.000237927,0.002853832,390.2691349,5.081040233,1449451.389
R3_T9,G62,27,High CO2,High pCO2,0.00193,1.2,-0.002,0.569858461,0.434681967,0.544614018,0.005472786,-0.001752671,0.003057223,266.615407,7.769971033,967852.8777
R3_T10,G62,27,Ambient,Control,0.00278,-1.3,0,0.195335449,0.941560009,0.527753948,0.004141874,0.001628258,0.001547009,444.7038601,6.501960933,1285576.067
R3_T10,G62.21,27,Ambient,Control,,5.5,0.006,,,,0.005059982,-0.001382195,0.002802245,273.4713913,,918973.0267
R2_T1,G63,31,Ambient,High Temperature,0.00139,1.8,0.002,0.421232366,-0.095347964,-0.028253415,0.001331138,0.000740219,0.002326701,220.4228842,3.3025816,596680.7563
R2_T2,G63,31,High CO2,Combined,0.00049,-9.2,-0.115,0.563794891,0.170626059,-0.233445903,0.004081518,0.001411635,0.004427131,211.8382141,4.917265467,652428.4695
R2_T3,G63,31,Ambient,High Temperature,0.00111,-0.8,0.007,1.072865195,0.313740441,0.214383113,0.001594372,7.56E-05,0.001210173,316.6586191,7.265275233,699247.2504
R2_T4,G63,31,Ambient,High Temperature,0.00085,-2.4,-0.053,0.472584398,0.433030982,0.301201604,0.00312252,-0.001323114,0.003491903,231.5905578,3.918926033,610639.3865
R2_T5,G63,31,Ambient,High Temperature,0.00895,-1.7,-0.012,0.299427384,0.653816461,0.735873141,0.001094652,0.000205247,0.001583698,215.9239692,0.498867333,131121.5769
R2_T6,G63,31,High CO2,Combined,0.00092,-5,-0.039,0.36317509,0.199129816,0.216674064,0.001760254,-0.000440998,0.002597402,192.5457663,3.450083133,140151.8529
R2_T7,G63,31,High CO2,Combined,0.00028,-10.7,-0.082,0.249599459,0.339580241,0.024031724,0.00444106,0.000903686,0.003041349,310.8370337,5.14317,743595.0624
R2_T8,G63,31,High CO2,Combined,0.00068,-9.6,-0.229,0.451349011,0.200047552,-0.072230877,0.002432438,0.00064145,0.001329608,220.1073961,,885273.7771
R2_T9,G63,31,High CO2,Combined,0.00073,-8.6,-0.055,0.37577057,0.906667605,0.501211135,0.004592916,0.001793622,0.004596372,224.5168869,1.672739133,573785.1788
R2_T10,G63,31,Ambient,High Temperature,0.00117,2.5,-0.01,0.446311956,0.165471511,0.324070646,0.000975866,-0.000232418,0.002057113,219.0117164,4.611978067,1335471.533
R3_T1,G63,27,High CO2,High pCO2,0.00168,-1.7,-0.062,0.436669157,-0.134390858,-0.290814063,0.002784997,-0.000273946,0.003304869,194.3499965,7.057165133,611941.5421
R3_T2,G63,27,Ambient,Control,0.00283,2.3,0.017,1.207504501,0.807989543,0.13841391,0.002187275,-0.000342677,0.003456058,390.1918755,5.815410133,2063655.715
R3_T3,G63,27,High CO2,High pCO2,0.00185,-1.8,-0.068,0.439836668,0.060777484,-0.033874963,0.002043324,0.000696483,0.002053702,298.3467834,6.370747167,1525836.528
R3_T4,G63,27,High CO2,High pCO2,0.00151,7.2,0.011,1.379560414,0.507335828,0.119799414,0.003051484,0.000484564,0.000833773,327.4628125,5.395386933,398404.6418
R3_T5,G63,27,Ambient,Control,0.00259,1,0.064,0.482517878,1.527084458,1.395688581,0.001412794,0.001036339,0.002020353,430.9958452,6.816316633,333621.5714
R3_T6,G63,27,Ambient,Control,0.00219,-1.3,0.036,0.479497945,1.006030868,0.661749714,0.005562519,-0.00031988,0.004939744,215.6388943,1.329221233,487636.1313
R3_T7,G63,27,High CO2,High pCO2,0.00152,-3.5,-0.072,0.476147378,0.285892304,-0.105684934,0.002515383,0.001440748,0.002012965,474.9928231,8.734114767,1026893.028
R3_T8,G63,27,Ambient,Control,0.00336,4.3,0.07,0.877614335,0.796526161,0.274610608,0.00270574,9.04E-06,0.003989882,319.1107641,4.7208123,530248.1547
R3_T9,G63,27,High CO2,High pCO2,0.00132,,,,,,0.004582206,0.001094881,0.001622451,192.6289545,,788198.0962
R3_T10,G63,27,Ambient,Control,0.00182,6.6,0.023,0.303015771,0.437314808,0.426630144,0.001314433,-0.000512328,0.001996702,371.8755601,3.805449367,1066552.519